tick,congestion,energy_usage
0,567.8331517655436,3133008.7315425724
1,594.7088865191009,3146338.695892986
2,600.7561750521128,3133595.4449604074
3,598.3020541641922,3132965.313781206
