tick,congestion,energy_usage
0,613.3357696523127,3133601.986539314
1,585.7774168676681,3146971.1103157043
2,563.8849607669434,3134278.5115619856
3,589.4461383463221,3133616.1121187964
